order,id,name,definition,t1,t2,t3,t4,t5,type
1,TC009,การวิเคราะห์ข้อมูลเชิงสถิติ,ความรู้ และเข้าใจเกี่ยวกับหลักสถิติเบื้องต้น สามารถในกำหนดกรอบ มุมมอง สมมติฐานในการวิเคราะห์ข้อมูลทางสถิติ มีเทคนิคในการเลือกสถิติที่เหมาะสมมาใช้ในการวิเคราะห์ข้อมูล ตลอดจนสามารถแปล และสรุปผลข้อมูลจากการวิเคราะห์ด้วยหลักการทางสถิติ," - อ่าน  แปลความหมายข้อมูลทางสถิติที่สลับซับซ้อนได้ โดยได้รับการควบคุมดูแลจากหัวหน้างานเป็นบางครั้ง
 - เขียนสรุปผลการวิเคราะห์ ด้วยหลักการทางสถิติตามกรอบที่กำหนดขึ้น"," - อ่าน แปลความหมายข้อมูลทางสถิติที่สลับซับซ้อนได้ ด้วยตนเอง
 - อธิบายได้ถึงเหตุผลของผลที่เกิดขึ้นจากการวิเคราะห์ และวิจัยข้อมูลด้วยหลักการทางสถิติ"," - การตีความหมายของข้อมูล  (Interpretation Data) นำผลที่ได้จากการวิเคราะห์ข้อมูลทางสถิติ เพื่อนำข้อสรุปที่ได้มาใช้ให้เกิดประโยชน์ 
 - สอนผู้อื่นถึงขั้นตอน และวิธีการแปลผลข้อมูลทางสถิติ"," - นำผลที่ได้จากการวิเคราะห์ข้อมูลทางสถิติไปใช้ในการคาดการณ์ถึงปัญหาได้
 - สามารถมองเห็นความผิดปกติของผลที่เกิดขึ้นจากการวิเคราะห์ด้วยหลักการทางสถิติ","เนื่องจากประเภท CC , TC มีระดับ PL1  - PL4 ซึ่ง PL4 เป็นระดับสูงสุด จึงไม่มี PL5 ",TC
2,TC012,ความรู้ ทักษะการให้คำปรึกษา แนะนำวิธีการแก้ปัญหาเกี่ยวกับการปฏิบัติงาน,ความสามารถในการวิเคราะห์ และแจกแจงประเด็นของปัญหา เพื่อหาแนวทางเลือก หรือคำตอบของปัญหาที่เกิดขึ้นในสถานการณ์หนึ่งๆ และให้คำแนะนำปรึกษาถึงแนวทางการแก้ไขปัญหา หรือแนวทางการจัดการกับสถานการณ์ที่เกี่ยวกับการปฏิบัติงาน," - ระบุได้ถึงความต้องการหรือเป้าหมายที่คาดหวังของผู้อื่นที่เกี่ยวกับการปฏิบัติงานได้
 - นำเสนอทางเลือกในการแก้ไขปัญหาที่เกิดขึ้นจากการทำงานของผู้อื่นได้"," - เสนอวิธีการปรับเปลี่ยนรูปแบบการทำงานให้มีประสิทธิภาพมากยิ่งขึ้น
 - ตอบข้อซักถามเกี่ยวกับงานที่รับผิดชอบ หรือการแก้ปัญหาตามกรอบหรือแนวทางที่กำหนดได้"," - นำเสนอแนวทางเลือกในการแก้ไขปัญหา และอุปสรรคในการทำงานได้อย่างเหมาะสม และมีประสิทธิภาพ
 - วิเคราะห์และระบุได้ถึงผลกระทบที่อาจจะเกิดขึ้นหากไม่รีบแก้ไขปัญหา"," - ช่วยผู้อื่นในการตัดสินใจเลือกแนวทางที่เหมาะสมในการแก้ไขปัญหาที่เกี่ยวกับการปฏิบัติงานได้
 - ประเมินประสิทธิภาพของแนวทางหรือวิธีการแก้ไขปัญหา รวมทั้งปรับเปลี่ยนวิธีการให้เหมาะสมได้","เนื่องจากประเภท CC , TC มีระดับ PL1  - PL4 ซึ่ง PL4 เป็นระดับสูงสุด จึงไม่มี PL5 ",TC
3,TC064,Competency,รู้ และเข้าใจเกี่ยวกับมาตรฐานและแนวทางการกำหนดความรู้  ความสามารถ ทักษะ และสมรรถนะที่จำเป็นสำหรับตำแหน่ง/ วิชาชีพต่างๆ ในองค์การ รวมทั้งการนำไปประยุกต์ใช้ในกระบวนการต่างภายในองค์กร," - เข้าใจพื้นฐานของ Competency รวมถึงความสำคัญต่อการบริหารและพัฒนาบุคลากร
 - สามารถปฏิบัติตามแนวทาง Competency ขององค์กรที่วางไว้ได้"," - วิเคราะห์ถึงประสิทธิภาพของระบบ Competency ในปัจจุบันได้
 - ระบุสมรรถนะที่จำเป็นในงานของแต่ละระดับตำแหน่งในแต่ละสายงานได้
"," - สามารถประเมิน Competency โดยมีหลักการที่ยุติธรรม และสอบทานได้
 - ให้คำปรึกษาแนะนำผู้อื่นถึงวิธีการในการประเมิน Competency เพื่อพัฒนาสมรรถนะรายบุคคลได้"," - Integrate ระบบ Competency กับกระบวนการที่ตนเองรับผิดชอบได้
 - นำเสนอแนวทางในการปรับปรุง และพัฒนาระบบ Competency ของพนักงาน เพื่อยกระดับมาตรฐานได้","เนื่องจากประเภท CC , TC มีระดับ PL1  - PL4 ซึ่ง PL4 เป็นระดับสูงสุด จึงไม่มี PL5",TC
4,TC065,Employee Pipeline Management,"ความรู้ และเข้าใจในหลักการ และแนวคิดเกี่ยวกับการวางแผนอาชีพ, การออกแบบเส้นทางอาชีพ, การกำหนดเกณฑ์มาตรฐานประจำตำแหน่ง, การวางแผนทดแทนตำแหน่งการปรับเลื่อนขั้นตำแหน่งในองค์กร และสามารถจัดทำแผน รวมถึงดำเนินการตามที่องค์กรกำหนด ได้อย่างสอดคล้อง"," - อธิบายได้ถึงหลักการ วิธีการ และรูปแบบในการวางแผนอาชีพ, การออกแบบเส้นทางอาชีพ, การกำหนดเกณฑ์มาตรฐานประจำตำแหน่ง, การวางแผนทดแทนตำแหน่งการปรับเลื่อนขั้นตำแหน่งในองค์กร
 - ตอบคำถามเกี่ยวกับโครงสร้างการบังคับบัญชา และคุณสมบัติที่เหมาะสมในตำแหน่งได้"," - รวบรวมข้อมูลที่เกี่ยวข้องเพื่อใช้ประกอบการดำเนินงานได้อย่างถูกต้องและครบถ้วน
 - สามารถกำหนดหลักเกณฑ์เบื้องต้นในกระบวนการปฏิบัติงานได้
 - ปฏิบัติตามขั้นตอนและสามารถแก้ไขปัญหาที่เกิดจากความผิดพลาดในขั้นตอนการปฏิบัติงานได้"," - ออกแบบ, ปรับปรุงวิธีการ, ขั้นตอนในการปฏิบัติงานและปรับเปลี่ยนได้ตามสถานการณ์ได้
 - ตอบข้อซักถาม, ให้คำแนะนำ ในเรื่องการวางแผนทดแทนตำแหน่ง, การวางเส้นทางความก้าวหน้าในสายอาชีพได้
 - ประเมินความเหมาะสม และนำเสนอเพื่อปรับเปลี่ยนให้สอดคล้องกับนโยบายขององค์การได้"," - สามารถเป็นที่ปรึกษาแก่ผู้อื่นเกี่ยวกับการวางแผนทดแทนตำแหน่ง, การวางเส้นทางความก้าวหน้าในสายอาชีพตามแนวทางขององค์การได้
 - เสนอความคิดเห็นและข้อมูลที่เป็นประโยชน์ต่อการกำหนดนโยบายในวางแผนทดแทนตำแหน่ง, การวางเส้นทางความก้าวหน้าในสายอาชีพได้
 - นำเสนอแผนในการสื่อสาร และวางแผนผลักดันให้เกิดการนำไปใช้ได้อย่างมีประสิทธิภาพ
 - สามารถเชื่อมโยง และวิเคราะห์ผลของการปรับเลื่อนตำแหน่งที่มีต่อกลยุทธ์ และวิสัยทัศน์ขององค์การได้","เนื่องจากประเภท CC , TC มีระดับ PL1  - PL4 ซึ่ง PL4 เป็นระดับสูงสุด จึงไม่มี PL5",TC
5,TC068,การกำหนดนโยบายและกลยุทธ์ด้านทรัพยากรบุคคล,ความสามารถในการกำหนดวิสัยทัศน์ พันธกิจและกลยุทธ์ด้านการบริหารจัดการงานทรัพยากรบุคคล ทั้งในส่วนของ HRM และ HRD ให้สอดคล้องกับองค์การ รวมทั้งสามารถจัดทำข้อมูล ขั้นตอน และวิธีการวางแผนของหน่วยงาน โดยมีการควบคุม และติดตาม เกี่ยวกับแนวทางการปฏิบัติตามกลยุทธ์, - รู้ และเข้าใจเกี่ยวกับนโยบายขององค์กร สามารถเชื่อมโยงความสัมพันธ์เป้าหมายขององค์กร และการบริหารทรัพยากรบุคคลได้, - สนับสนุนข้อมูลในการประเมินสิ่งแวดล้อมที่เป็นทั้งปัจจัยภายในและปัจจัยภายนอก เพื่อประเมินจุดแข็งและจุดอ่อน(SWOT Analysis) และข้อมูลที่เกี่ยวข้องอื่นๆ ของการบริหารทรัพยากรบุคคล ,  -สนับสนุนและร่วมกำหนดนโยบายที่เกี่ยวข้องกับงานและทีมของตนเอง รวมทั้งระบุอุปสรรคและความเสี่ยงที่อาจเกิดขึ้นกับผู้บริหาร, - มีส่วนร่วมในการกำหนดวิสัยทัศน์ พันธกิจและกลยุทธ์ด้านการบริหารจัดการงานทรัพยากรบุคคล ให้สอดคล้องกับวิสัยทัศน์ พันธกิจและยุทธศาสตร์ต่างๆ ขององค์กร และจัดทำเป็น Action Plan และติดตามผลได้ ,"เนื่องจากประเภท CC , TC มีระดับ PL1  - PL4 ซึ่ง PL4 เป็นระดับสูงสุด จึงไม่มี PL5",TC
6,TC069,การจัดการข้อมูลสารสนเทศงานทรัพยากรบุคคล (HRIS),ความรู้ และความเข้าใจในการนำระบบเทคโนโลยีสารสนเทศมาใช้ในงานทรัพยากรบุคคล สามารถวางแผน พัฒนา และปรับปรุงระบบให้มีประสิทธิภาพ พร้อมใช้งานเสมอ รวบรวมปัญหา ตรวจสอบ และแก้ไขปัญหาต่างๆ ที่เกิดขึ้นจากผู้ใช้บริการของหน่วยงานต่างๆ พร้อมทั้งรวบรวมและวิเคราะห์ความต้องการทางธุรกิจ (Business Requirement) ของฝ่ายทรัพยากรบุคคล เพื่อคัดเลือกหรือพัฒนาระบบเทคโนโลยีสารสนเทศ ในการรองรับกลยุทธ์งานด้านทรัพยากรบุคคล ," - อธิบายถึงการนำระบบเทคโนโลยีสารสนเทศมาใช้ในการบริหารงานทรัพยากรบุคคล ระบุได้ถึงข้อจำกัดในการนำมาใช้ในหน่วยงาน และองค์การ 
 - สามารถบอก และอธิบายสภาวะของข่าวสารความก้าวหน้าของระบบเทคโนโลยีสารสนเทศที่เกี่ยวข้องกับงานบริหารทรัพยากรบุคคล"," - สามารถรวบรวมปัญหาที่เกิดขึ้นจากผู้ใช้บริการของหน่วยงานต่างๆ
 - นำเสนอรูปแบบของระบบเทคโนโลยีสารสนเทศที่มีความเหมาะสมกับการใช้งาน"," - ให้คำแนะนำ และตอบคำถามที่เกี่ยวข้องกับการใช้งานระบบเทคโนโลยีสารสนเทศในงานทรัพยากรบุคคลได้
 - นำเสนอทางเลือกเพื่อใช้ในการแก้ปัญหาที่เกิดขึ้นจากการใช้งานระบบเทคโนโลยีสารสนเทศ"," - แสดงออกถึงการให้ความสำคัญกับการพัฒนา และปรับปรุงระบบสารสนเทศด้านงานทรัพยากรบุคคลให้เข้าถึงการใช้งานของบุคลากรในองค์การ
 - มีความรู้กว้างขวางในแวดวงเทคโนโลยีสารสนเทศ ผลักดันให้เกิดการนำมาใช้อย่างเป็นระบบ และแพร่หลาย ","เนื่องจากประเภท CC , TC มีระดับ PL1  - PL4 ซึ่ง PL4 เป็นระดับสูงสุด จึงไม่มี PL5",TC
7,TC070,การจัดทำโครงสร้างและวางแผนกำลังคน,ความรู้ ความเข้าใจเกี่ยวกับหลักการ วิธีการ และจุดมุ่งหมายในการวางแผนกำลังคน สามารถคาดการณ์ความต้องการกำลังคนในองค์การอย่างมีหลักการ โดยคำนึงถึงกระบวนการทางธุรกิจ (Business Process) มีการวางแผนกำลังคนที่มึความเหมาะสมกับ Competency ตามตำแหน่งงานนั้นๆได้," - อธิบายถึงแนวทาง วิธีการในการวางแผนกำลังคน สามารถตรวจสอบการใช้กำลังคนได้อย่างถูกต้อง
 - สามารถระบุได้ถึงกำลังบุคคลที่มีอยู่ในปัจจุบัน (Manpower inventory)  ทั้งในเชิงปริมาณ และเชิงคุณภาพ
"," - แสวงหาข้อมูลข่าวสารที่จำเป็นต้องใช้ในการวางแผนอัตรากำลัง
 - มีความเข้าใจ อธิบายได้ถึงหน้าที่ความรับผิดชอบของแต่ละหน่วยงาน ตำแหน่งงานในการที่จะวิเคราะห์อัตรากำลัง  (Functional Description) "," - สามารถคาดการณ์กำลังบุคคลในอนาคต (Manpower forecst)  และระบุได้ว่าในอนาคตต้องการบุคคลจำนวนเท่าใด ประเภทใดบ้าง ตลอดจนระบุรายละเอียดถึงคุณสมบัติต่าง ๆ ของบุคคลที่ต้องการได้
 - สอน และให้คำแนะนำแก่ผู้อื่นถึงในการวางแผนกำลังคนที่มีประสิทธิภาพ ชี้แจงให้เกิดความเข้าใจโดยสามารถเชื่อมโยงกับนโยบายขององค์การได้"," - นำเทคนิคมาใช้ในการวิเคราะห์ ปัญหาการว่างงาน ปัญหาโครงสร้างของตลาดแรงงาน โดยอาศัยรากฐานข้อเท็จจริงที่อ้างอิงได้
 - พยากรณ์ปัญหาด้านกำลังคนในอนาคต พร้อมทั้งวางแผนเพื่อเตรียมรับสถานการณ์ที่เปลี่นแปลง","เนื่องจากประเภท CC , TC มีระดับ PL1  - PL4 ซึ่ง PL4 เป็นระดับสูงสุด จึงไม่มี PL5",TC
8,TC072,การจัดทำระบบการเรียนรู้การศึกษา(KM)ภายในองค์การ,มึความรู้ เข้าใจแนวคิด และหลักการของการเรียนรู้การศึกษาในองค์การ วิเคราะห์ได้ถึงปัจัยที่มีอิทธิพลต่อการเรียนรู้ของพนักงานในระดับต่างๆประยุกต์ใช้ความรู้จิตวิทยาและทฤษฎีการสื่อสารเพื่อพัฒนาการเรียนรู้ รวมทั้งการสร้างทัศนคติที่ดีต่อการทำงาน และการแสวงหาความรู้ของพนักงานในองค์การได้," - อธิบายได้ถึงแนวคิด และหลักการของการเรียนรู้การศึกษาในองค์การ ประโยชน์ที่จะได้จากการทำระบบ
 - ระบุได้ถึงรูปแบบการเรียนรู้ และการศึกษาที่องค์การสามารถนำมาใช้ได้"," - วิเคราะห์ได้ถึงปัจัยที่มีอิทธิพลต่อการเรียนรู้ของพนักงานในระดับต่างๆ โดยอ้างอิงได้ถึงทฤษฎีที่เกี่ยวข้อง
 - สร้างระบบการเรียนรู้ที่เหมาะสมกับองค์การ รวมทั้งวางแผนการดำเนินการเป็นขั้นตอน และระบุข้อดี-ข้อเสียในการนำระบบดังกล่าวมาใช้"," - ประยุกต์ใช้ความรู้จิตวิทยาและทฤษฎีการสื่อสารเพื่อพัฒนาการเรียนรู้ของพนักงานได้อย่างเหมาะสม
 - สอน และให้คำแนะนำแก่ผู้อื่นได้ถึงหลัการการจัดทำระบบการเรียนรู้ในองค์การ สามารถยกตัวอย่างองค์การที่เป็น Best Practice เพือให้เห็นภาพได้อย่างชัดเจน"," - นำเสนอแนวทางในการสร้างวัฒนธรรมแห่งการเรียนรู้
 - ปรับเปลี่ยนรูปแบบ และพัฒนาระบบการเรียนรู้ให้มีความยืดหยุ่น สอดคล้องกับแนวทางการพัฒนาองค์การได้","เนื่องจากประเภท CC , TC มีระดับ PL1  - PL4 ซึ่ง PL4 เป็นระดับสูงสุด จึงไม่มี PL5",TC
9,TC073,การบริหารแรงงานสัมพันธ์,ความรู้ ความเข้าใจขั้นตอน และวิธีการบริหารแรงงานสัมพันธ์ รวมทั้งการกำหนดกลยุทธ์ ควบคุม ติดตาม และให้คำปรึกษาแก่ผู้อื่นถึงแนวทางปฏิบัติในการบริหารงานด้านแรงงานสัมพันธ์ให้เกิดประโยชน์ทั้งแก่องค์การ และพนักงาน ," - อธิบายได้ถึงหลักการ รายละเอียด ระเบียบข้อบังคับ คำสั่ง ประกาศ ด้านแรงงานสัมพันธ์ขององค์การ 
 - ตอบข้อซักถามแก่ผู้อื่นในรายละเอียดเกี่ยวกับกฎระเบียบ ข้อบังคับ และคำสั่งปฏิบัติขององค์การได้"," - ติดตาม และแสวงหาความรู้ใหม่ๆด้านแรงงานสัมพันธ์จากภายนอกองค์การ
 - แก้ไขปัญหาที่เกิดขึ้นโดยอ้างอิงข้อบังคับและหลักการกฎหมายด้านแรงงานสัมพันธ์ได้"," - ช่วยเหลือผู้อื่นแก้ไขปัญหาที่เกิด โดยอ้างอิงข้อบังคับและหลักกฎหมายด้านแรงงานสัมพันธ์
 - ให้คำปรึกษาแก่ผู้อื่น ในการนำกฎข้อบังคับ และหลักกฎหมายด้านบริหารแรงงานสัมพันธ์มาใช้ในหน่วยงาน"," - สามารถขจัดข้อขัดแย้ง/เจรจาต่อรองเพื่อหาข้อตกลงระหว่างนายจ้างกับลูกจ้าง (win-win) และเสนอแนวทางแก้ไขปัญหาแรงงานสัมพันธ์
 - กำหนดทิศทาง และนโยบายในการบริหารความสัมพันธ์ที่ดีระหว่างนายจ้างกับลูกจ้าง","เนื่องจากประเภท CC , TC มีระดับ PL1  - PL4 ซึ่ง PL4 เป็นระดับสูงสุด จึงไม่มี PL5",TC
10,TC074,การบริหารและพัฒนาทรัพยากรบุคคล,ความรู้ ความเข้าใจในขั้นตอนการทำงาน การวิเคราะห์ และปรับปรุงระบบงานของหน่วยงาน ความสามารถในการตรวจสอบ ควบคุมคุณภาพของขั้นตอน และระบบการทำงาน รวมทั้งการหาวิธีการเพื่อกระตุ้นจูงใจให้ผู้อื่นเห็นด้วย และปฏิบัติตามขั้นตอนการทำงานใหม่ๆ ตลอดจนการเพิ่มทักษะในการแสวงหาความรู้ เพื่อให้สามารถทำงานได้อย่างมีประสิทธิภาพ ," - มีความรู้ และเข้าใจเกี่ยวกับขั้นตอนระบบการทำงานที่ตนเองรับผิดชอบ 
 - สามารถแสวงหาข้อมูล เพื่อแก้ปัญหาการทำงานเบื้องต้นได้ด้วยตนเอง"," - ความเข้าใจขั้นตอน ระบบการทำงาน สามารถพัฒนารูปแบบการทำงานให้สอดคล้องกับความต้องการ และรูปแบบการทำงานของตนเอง และหน่วยงาน
 - สามารถเพิ่มทักษะในการทำงาน ด้วยการแสวงหาความรู้ และเรียนรู้ด้วยตนเอง จนแสดงให้เห็นประจักษ์"," - สามารถวิเคราะห์ปัญหาที่เกิดขึ้นเกี่ยวกับระบบงานของหน่วยงาน พร้อมทั้งนำเสนอแนวทางการแก้ปัญหาได้
 - สอน และให้คำแนะนำแก่ผู้อื่นถึงวิธีการ ขั้นตอนการทำงานทีมีประสิทธิภาพ และสามารถลดขั้นตอนที่ยุ่งยาก ซับซ้อนได้"," - สามารถคิดค้นวิธีการในการที่จะกระตุ้น จูงใจให้ผู้อื่นยินยอมปฏิบัติตามขั้นตอนการทำงานใหม่ๆ
 - คิดออกแบบเครื่องมือใหม่ๆ เพื่อปรับปรุงขั้นตอนการทำงาน ให้สอดคล้องกับนโยบายขององค์การ ","เนื่องจากประเภท CC , TC มีระดับ PL1  - PL4 ซึ่ง PL4 เป็นระดับสูงสุด จึงไม่มี PL5",TC
11,TC075,การบริหารและวิเคราะห์ข้อมูลด้านทรัพยากรบุคคล,"ความรู้ และทักษะด้านการวิเคราะห์ข้อมูลด้านทรัพยากรบุคคล สามารถรวบรวม และลำดับขั้นตอนการดำเนินงานเพื่อวิเคราะห์ข้อมูล  ตลอดจนเลือกใช้เทคนิคการวิเคราะห์ข้อมูล และสถิติที่ได้อย่างเหมาะสม
"," - อธิบายถึงหลักการ และวิธีการจัดระบบฐานข้อมูล  
 - ดึงฐานข้อมูลมาใช้ในการจัดทำรายงานตามที่ได้รับมอบหมายได้ 
 - แสวงหา และรวบรวมข้อมูล เพื่อนำมาเปรียบเทียบให้เห็นความแตกต่างทั้งข้อดีและข้อเสียในด้านต่างๆ
 - อธิบายได้ถึงสาระสำคัญของแนวคิดในการวิเคราะห์ข้อมูลด้านทรัพยากรบุคคล"," - บำรุงรักษาระบบฐานข้อมูลที่ตนรับผิดชอบภายใต้การควบคุมดูแลของผู้บังคับบัญชา 
 - แก้ไขปัญหาหรือข้อผิดพลาดที่เกิดจากการจัดการระบบฐานข้อมูลที่ตนรับผิดชอบ
 - สามารถเลือกใช้เทคนิคการวิเคราะห์ข้อมูล และสถิติที่มีความเหมาะสม อีกทั้งสามารถนำเสนอในรูปแบบที่ง่ายต่อความเข้าใจด้วย
 - ตอบข้อซักถามเกี่ยวกับข้อมูลด้านทรัพยากรบุคคลให้ผู้อื่นในส่วนที่รับผิดชอบได้"," - วิเคราะห์ ออกแบบ และวางแผนการจัดระบบฐานข้อมูลด้านทรัพยากรบุคคลให้มีประสิทธิภาพและตอบสนองการใช้งาน 
 - กำหนดแนวทางการจัดเก็บข้อมูล การดึงข้อมูล และการเชื่อมโยงระบบฐานข้อมูลให้มีประสิทธิภาพสูงสุด  
 - สามารถมองภาพรวมของกระบวนการดำเนินงาน เพื่อวิเคราะห์ข้อมูลอย่างเป็นระบบ
 - สอน และอธิบายแนวทาง ขั้นตอนการวิเคราะห์ข้อมูล การเลือกใช้สถิติ และสามารถตอบคำถามปัญหาเกี่ยวกับข้อมูลด้านทรัพยากรบุคคลได้"," - กำหนดมาตรฐานและนโยบายการจัดระบบฐานข้อมูลด้านทรัพยากรบุคคลเพื่อรองรับการดำเนินธุรกิจขององค์การ 
 - คิดหาวิธีการนำฐานข้อมูลด้านทรัพยากรบุคคลที่มีอยู่มาใช้ให้เกิดประโยชน์ต่อการทำงานของหน่วยงานและต่อเป้าหมายทางธุรกิจขององค์การ 
 - นำเสนอทางเลือกของข้อมูลที่ได้วิเคราะห์ด้วยรูปแบบต่างๆกัน ให้ครอบคลุมประเด็นหลัก และตรงตามความต้องการได้
 - ปรับปรุง พัฒนารายงานการวิเคราะห์ข้อมูลด้านทรัพยากรบุคคลให้มีประสิทธิภาพยิ่งขึ้น","เนื่องจากประเภท CC , TC มีระดับ PL1  - PL4 ซึ่ง PL4 เป็นระดับสูงสุด จึงไม่มี PL5",TC
12,TC077,การบริหารจัดการระบบงานทรัพยากรบุคคล," - ความรู้ ความเข้าใจในขั้นตอนการทำงาน การวิเคราะห์ และปรับปรุงระบบงานของหน่วยงาน ความสามารถในการตรวจสอบ ควบคุมคุณภาพของขั้นตอน และระบบการทำงาน รวมทั้งการหาวิธีการเพื่อกระตุ้นจูงใจให้ผู้อื่นเห็นด้วย และปฏิบัติตามขั้นตอนการทำงานใหม่ๆ ตลอดจนการเพิ่มทักษะในการแสวงหาความรู้ เพื่อให้สามารถทำงานได้อย่างมีประสิทธิภาพ
 - ความรู้ ความเข้าใจกระบวนการวางแผน การกำหนดตัวชี้วัด และเป้าหมายที่สอดคล้องกับกลยุทธ์ขององค์การ
 - สามารถระบุได้ถึงแนวทาง ขั้นตอนการประเมินโครงการ"," - มีความรู้ และเข้าใจเกี่ยวกับขั้นตอนระบบการทำงานที่ตนเองรับผิดชอบ 
 - สามารถแสวงหาข้อมูล เพื่อแก้ปัญหาการทำงานเบื้องต้นได้ด้วยตนเอง
 - สามารถวางแผนขั้นตอนการบริหาร โดยจัดทำขึ้นเป็นแผนดำเนินการ รวมทั้งสามารถวางแผนในเรื่องของงบประมาณในโครงการด้านทรัพยากรบุคคลได้
 - ตอบข้อซักถามเกี่ยวกับการวางแผนบริหารและประเมินโครงการด้านทรัพยากรบุคคลในส่วนที่รับผิดชอบได้"," - ความเข้าใจขั้นตอน ระบบการทำงาน สามารถพัฒนารูปแบบการทำงานให้สอดคล้องกับความต้องการ และรูปแบบการทำงานของตนเอง และหน่วยงาน
 - สามารถเพิ่มทักษะในการทำงาน ด้วยการแสวงหาความรู้ และเรียนรู้ด้วยตนเอง จนแสดงให้เห็นประจักษ์
 - สอน และเสนอแนะผู้อื่นได้ถึงกระบวนการในการวางแผนบริหาร รวมทั้งวิธีการในการติดตาม และประเมินโครงการด้านทรัพยากรบุคคลได้
 - ตรวจสอบการวางแผนบริหารและประเมินโครงการด้านทรัพยากรบุคคลให้สอดคล้องกับกลยุทธ์องค์การ"," - สามารถวิเคราะห์ปัญหาที่เกิดขึ้นเกี่ยวกับระบบงานของหน่วยงาน พร้อมทั้งนำเสนอแนวทางการแก้ปัญหาได้
 - สอน และให้คำแนะนำแก่ผู้อื่นถึงวิธีการ ขั้นตอนการทำงานทีมีประสิทธิภาพ และสามารถลดขั้นตอนที่ยุ่งยาก ซับซ้อนได้
 - สามารถคาดการณ์ปัญหาที่อาจจะเกิดขึ้นจากแผน และวางแผนเพื่อปรับเปลี่ยนแผนให้สอดคล้องกับสถานการณ์ได้
 - ปรับปรุง พัฒนาแผนงานด้านทรัพยากรบุคคลให้มีประสิทธิภาพมากยิ่งขึ้น"," - สามารถคิดค้นวิธีการในการที่จะกระตุ้น จูงใจให้ผู้อื่นยินยอมปฏิบัติตามขั้นตอนการทำงานใหม่ๆ
 - คิดออกแบบเครื่องมือใหม่ๆ เพื่อปรับปรุงขั้นตอนการทำงาน ให้สอดคล้องกับนโยบายขององค์การ 
 - 
 - ","เนื่องจากประเภท CC , TC มีระดับ PL1  - PL4 ซึ่ง PL4 เป็นระดับสูงสุด จึงไม่มี PL5",TC
13,TC078,การบริหารผลการปฏิบัติงาน (PMS),มีความรู้ เข้าใจเกี่ยวกับหลักการ วิธีการ  รวมทั้งรูปแบบของระบบการประเมินผลงาน สามารถวิเคราะห์ ออกแบบ พัฒนา ระบบประเมินผลให้สอดคล้องกับการดำเนินธุรกิจขององค์การ ," - อธิบายถึงหลักการ วิธีการ รูปแบบ เกี่ยวกับระบบการประเมินผล ตามระบบประเมินผลที่บริษัทฯ กำหนดได้ 
 - ตอบข้อซักถามเกี่ยวกับหลักการ วิธีการ รูปแบบการประเมินผล ตามระบบที่บริษัทฯ กำหนดได้ "," - ออกแบบ และปรับปรุงแบบฟอร์มการประเมินผลการปฏิบัติงานตามระบบการประเมินผลที่บริษัทฯ กำหนด  ให้ง่ายและสะดวกต่อการใช้งาน  
 - แก้ไขปัญหาหรือข้อผิดพลาดที่เกิดจากการประเมินผลได้ในขอบเขตความรับผิดชอบของตน  "," - ออกแบบและปรับปรุงระบบการประเมินผลให้สอดคล้องกับกลยุทธ์ขององค์การ กำหนดตัวชี้วัดผลการปฏิบัติงานและเป้าหมายของบุคลากร ให้สอดคล้องกับตัวชี้วัดผลการปฏิบัติงานและเป้าหมายของหน่วยงานได้
 - ให้คำปรึกษา และชี้แนะให้ผู้อื่นเข้าใจถึงหลักการ วิธีการ รูปแบบของการประเมินผลตามที่บริษัทฯกำหนด  "," - ผลักดันให้เกิดการปรับปรุง พัฒนารูปแบบการประเมินให้มีความน่าเชื่อถือ และเป็นที่ยอมรับมากยิ่งขึ้น
 - วางแผนการบริหารจัดการระบบประเมินผลให้เอื้อต่อนโยบายและกลยุทธ์ขององค์การ ","เนื่องจากประเภท CC , TC มีระดับ PL1  - PL4 ซึ่ง PL4 เป็นระดับสูงสุด จึงไม่มี PL5",TC
14,TC079,การบริหารผลตอบแทน,"ความรู้ เข้าใจเกี่ยวกับหลักการ แนวคิดทฤษฎีของการบริหารผลตอบแทน เช่น การประเมินค่างาน, การจัดทำ Job Description / Function Description, โครงสร้างเงินเดือน, ผลประโยชน์ตอบแทน และสวัสดิการต่างๆ มาประยุกต์ใช้ในองค์การได้อย่างมีประสิทธิภาพ"," - อธิบายได้ถึงหลักการในการบริหารผลตอบแทน หลักการที่องค์การนำมาใช้
 - อธิบายได้ถึงแนวคิด หลักการ รูปแบบการประเมินค่างานในรูปแบบต่างๆ
 - อธิบายแนวความคิด และหลักการในการจัดทำโครงสร้างเงินเดือนขององค์การได้
 - ความรู้ เข้าใจเกี่ยวกับขั้นตอนในการจัดทำ Job Description / Function Description
 - สามารถรวบรวมข้อมูล จัดเตรียมคำถาม เอกสารที่เกี่ยวข้อง เพื่อใช้ในการวิเคราะห์งาน โดยได้รับคำชี้แนะจากผู้บังคับบัญชา"," - วิเคราะห์งานได้ตามหลักเกณฑ์ที่กำหนด รวมทั้งอธิบายได้ถึงการนำไปใช้ในขั้นตอนถัดไปได้
 - อธิบายได้ถึงระบบโครงสร้าง หน้าที่ในการทำงานของแต่ละหน่วยงาน เข้าใจความสัมพันธ์ระหว่างตำแหน่งงานต่างๆ ในองค์การ และประยุกต์การเขียนได้ตามหลักการ
 - ตรวจสอบโครงสร้างเงินเดือนปัจจุบันว่าเหมาะสมหรือไม่ และเปรียบเทียบกับตลาดได้
 - ระบุลักษณะปัญหาและอุปสรรคในการสำรวจและวิเคราะห์ข้อมูลค่าตอบแทน
 - มีเทคนิค วิธีการในการแสวงหาข้อมูลเพื่อการวิเคราะห์และเปรียบเทียบได้"," - นำเสนอแนวทาง การปรับปรุง และพัฒนาหลักเกณฑ์ที่ใช้ในการประเมินค่างาน เพื่อให้เกิดความยุติธรรมยิ่งขึ้น
 - สามารถวิเคราะห์และการกำหนดบทบาทหน้าที่งาน โดยสามารถอธิบายให้เกิดความเข้าใจแก่บุคคลอื่น
 - นำเสนอแนวทางการแก้ไขปัญหา และปรับเปลี่ยนรูปแบบวิธีการให้สอดคล้องกับลักษณะการทำงาน และวัฒนธรรมขององค์การ
 - นำเสนอแนวทาง การบริหารผลตอบแทน เพื่อให้เกิดความจูงใจ และแข่งขันกับองค์การภายนอกได้
 - วิเคราะห์และชี้ประเด็นปัญหาสำคัญจากการบริหารผลตอบแทนและแก้ไขปัญหาได้"," - กระตุ้นให้มีการพัฒนาปรับปรุงงานของแต่ละตำแหน่งให้สอดคล้องกับนโยบายและเป้าหมายขององค์การ
 - ปฏิบัติงานเชิงรุก เพื่อให้สามารถพัฒนา Job Description / Function Description ที่นำไปใช้ต่อยอดในกระบวนการบริหารทรัพยากรบุคคลได้อย่างครอบคลุมยิ่งขึ้น
 - กำหนดรูปแบบโครงสร้างเงินเดือน กำหนดช่วงเงินเดือน และ Minimum/Maximum ของกระบอกเงินเดือนได้
 - กำหนดนโยบายการปรับขึ้นเงินเดือนให้สอดคล้องกับหลักการบริหารความยุติธรรม และเพิ่มขีดความสามารถในการแข่งขันขององค์การได้
 - สามารถนำแนวคิด และเทคนิควิธีการใหม่ๆ เกี่ยวกับการบริหารค่าตอบแทนมาประยุกต์ใช้","เนื่องจากประเภท CC , TC มีระดับ PL1  - PL4 ซึ่ง PL4 เป็นระดับสูงสุด จึงไม่มี PL5",TC
15,TC080,การฝึกอบรมและพัฒนา,ความรู้ ความเข้าใจกระบวนการ ขั้นตอน และวิธีการในการวิเคราะห์ความจำเป็นในการฝึกอบรม และพัฒนาศักยภาพของพนักงาน โดยวิเคราะห์ความจำเป็น (Training Need) ให้สอดคล้องกับ Competency ของแต่ละตำแหน่งงาน และตอบสนองต่อกลยุทธ์ขององค์การด้วย," - อธิบายหลักการ วิธีการวิเคราะห์และจัดทำ  Training Need จากการประเมิน Competency Gap ตามระบบที่องค์การกำหนดได้
 - จัดเตรียมเอกสาร อุปกรณ์และสถานที่ให้พร้อมก่อนการจัดฝึกอบรม
 - สามารถติดต่อประสานงานกับวิทยากรและบุคคลต่างๆ ในการจัดหลักสูตรการฝึกอบรม
 - จัดเตรียม และรวบรวมข้อมูล เพื่อประเมิน Competency Gap ตามระบบที่องค์การกำหนดได้"," - วิเคราะห์ และจัดทำ Training Need จากการประเมิน Competency Gap ตามระบบที่องค์การกำหนด
 - ตอบข้อซักถามเกี่ยวกับการจัดทำ  Training Need ในส่วนที่ตนรับผิดชอบได้
 - รู้ และเข้าใจหลักการ แนวคิด และขั้นตอนในการจัดฝึกอบรม
 - ประเมินผลและให้ข้อเสนอแนะในการจัดหลักสูตรฝึกอบรมครั้งต่อๆ ไปได้"," - ตรวจสอบความถูกต้องในการจัดทำ  Training Need จากการประเมิน Competency Gap ตามระบบที่องค์การกำหนดได้
 - สอน และแนะนำผู้อื่นได้ถึงขั้นตอน วิธีการ ในการวิเคราะห์ และจัดทำ Training Need จากการประเมิน Competency Gap ตามระบบที่องค์การกำหนดได้
 - ออกแบบโครงสร้าง เนื้อหาการฝึกอบรม เทคนิค และวิธีการจัดฝึกอบรมได้
 - สอนหรือเป็นวิทยากรในการฝึกอบรมบางหัวข้อที่จัดขึ้นได้"," - พัฒนาและปรับปรุงวิธีการวิเคราะห์หา Training Need ตามระบบ Competency ใหสอดคล้องกับกลยุทธ์องค์การ
 - ให้ข้อเสนอแนะผู้อื่นถึงวิธีการวิเคราะห์และจัดทำ Training Need จากการประเมิน Competency Gap ตามระบบที่องค์การกำหนดได้
 - ทบทวนหลักสูตรฝึกอบรมที่จัดขึ้นให้เป็นไปตามนโยบายและสิ่งที่องค์การคาดหวังได้
 - กำหนดกลยุทธ์และแนวทาง เพื่อวางกรอกการฝึกอบรมให้สอดคล้องกับวิสัยทัศน์และภารกิจขององค์การได้","เนื่องจากประเภท CC , TC มีระดับ PL1  - PL4 ซึ่ง PL4 เป็นระดับสูงสุด จึงไม่มี PL5",TC
16,TC083,การวางแผนกลยุทธ์ด้านการพัฒนาบุคลากร,ความรู้ และเข้าใจทฤษฎี  แนวคิด  กระบวนการ และความสำคัญของการวางแผนการจัดการ และประเมินผลการพัฒนาบุคลากร  การพยากรณ์และกำหนดเป้าหมายที่มีความสอดคล้องกับกลยุทธ์ขององค์การ สามารถวิเคราะห์/ ประเมิน พร้อมทั้งทบทวนและปรับปรุงแผนการพัฒนาบุคลากรให้ทันต่อความต้องการทางธุรกิจ," - อธิบายความเชื่อมโยงของแผนด้านการพัฒนาบุคลากรกับแผนขององค์การ ได้แก่ วิสัยทัศน์ พันธกิจ และค่านิยมขององค์การ 
 - เข้าใจทฤษฎี  แนวคิด  กระบวนการ และความสำคัญของการวางแผนการจัดการ"," - สามารถวิเคราะห์จุดอ่อน จุดแข็ง หรือสถานะของฝ่ายทรัพยากรมนุษย์/ พัฒนาบุคลากรในปัจจุบันได้ 
 - กำหนดขั้นตอนการกำหนดกลยุทธ์ ด้านการวางแผนทรัพยากรมนุษย์ให้บรรลุเป้าหมายขององค์การ "," - สามารถกำหนดภารกิจหลักของการบริหารทรัพยากรมนุษย์อันที่ว่าด้วยบุคคลต้องตอบสนองความต้องการตามเป้าหมายขององค์การ 
 - สอน และแนะนำผู้อื่นถึงวิธีการ เพื่อวางแผนกลยุทธ์ในด้านอื่นๆได้"," - สามารถถ่ายทอดกลยุทธ์ด้านการพัฒนาบุคลากรแก่ทีมงานได้อย่างกระจ่าง และชัดเจน อีกทั้งการมอบหมายให้ทีมดำเนินการในขั้นตอนต่อไป
 - ทบทวนและปรับปรุงแผนการพัฒนาบุคลากรให้ทันต่อความต้องการทางธุรกิจ","เนื่องจากประเภท CC , TC มีระดับ PL1  - PL4 ซึ่ง PL4 เป็นระดับสูงสุด จึงไม่มี PL5",TC
17,TC084,การวางแผนกลยุทธ์ด้านบริหารทรัพยากรบุคคล,ความสามารถในการวางแผนกลยุทธ์ด้านบริหารทรัพยากรบุคคลให้เกิดประสิทธิภาพ ตลอดจนการปรับเปลี่ยนแผนกลยุทธ์ขององค์การให้สอดคล้องกับการเปลี่ยนแปลงทั้งจากภายใน และภายนอกองค์การ,#NAME?, - ปฏิบัติงานตามแผนกลยุทธ์ที่กำหนด  สามารถเชื่อมโยงงานของตนเองกับกลยุทธ์ของฝ่ายงานได้ ,#NAME?,#NAME?,"เนื่องจากประเภท CC , TC มีระดับ PL1  - PL4 ซึ่ง PL4 เป็นระดับสูงสุด จึงไม่มี PL5",TC
18,TC085,การสรรหา และคัดเลือกบุคลากร,ความรู้ และเข้าใจในแนวคิด หลักการ กระบวนการสรรหาคัดเลือก ความสามารถในการติดต่อนัดหมาย การระบุแหล่งการสรรหา และให้คำปรึกษาผู้อื่นถึงแนวคิด นโยบาย และขั้นตอนในการสรรหาคัดเลือกสามารถวางแผนกระบวนการคัดเลือกบุคลากรให้สอดคล้องกับนโยบายด้านทรัพยากรบุคคล," - รวบรวม และจัดเก็บข้อมูลของผู้สมัครอย่างเป็นระบบ เพื่อใช้เป็นข้อมูลในการสรรหาและคัดเลือกบุคลากร
 - สามารถติดต่อ นัดหมาย รวมทั้งประสานงานกับหน่วยงานต่างๆ ที่เกี่ยวข้องกับการสรรหาบุคลากรทั้งภายใน และภายนอก"," - วิเคราะห์ และกำหนดคุณสมบัติของตำแหน่งงาน (Job Specification) เพื่อใช้เป็นข้อมูลในการสรรหาและคัดเลือกบุคลากร
 - สามารถรวบรวม วิเคราะห์และระบุทางเลือกในการสรรหา (Sourcing Options) ของแต่ละกลุ่มงาน "," - ปรับปรุงวิธีการคัดเลือกผู้สมัคร ให้เป็นรูปแบบ Competency Based เพื่อคัดเลือกบุคลากรให้ตรงกับ Competencies และระดับความสามารถที่กำหนดของแต่ละตำแหน่งงาน
 - ให้คำแนะนำ และสอนให้ผู้อื่นได้เข้าใจถึงรูปแบบของ Competency Based ที่เกี่ยวข้องกับการสรรหาคัดเลือก"," - คาดการณ์ได้ถึงปัญหาในการสรรหาบุคลากรที่มีคุณภาพ และเหมาะสมกับองค์การในอนาคต 
 - แสวงหา และนำเสนอช่องทางที่เหมาะสม และสามารถแก้ปัญหาจากสถานการณ์ทั้งทางเศรษฐกิจ และสังคมได้","เนื่องจากประเภท CC , TC มีระดับ PL1  - PL4 ซึ่ง PL4 เป็นระดับสูงสุด จึงไม่มี PL5",TC
19,TC087,การสัมภาษณ์ การประเมินผลพฤติกรรม,ความเข้าใจขั้นตอนและวิธีการสัมภาษณ์ มีเทคนิคในการตั้งคำถาม การใช้คำถาม การประเมินผลพฤติกรรม และให้คำปรึกษาแก่ผู้อื่นถึงแนวทางปฏิบัติเกี่ยวกับขั้นตอนการสัมภาษณ์และประเมินผลพฤติกรรม เพื่อคัดเลือกบุคลากรที่มีประสิทธิภาพ," - อธิบายหลักการ ความสำคัญ แนวทางการปฏิบัติของการเป็นผู้สัมภาษณ์
 - จัดเตรียมเอกสารและข้อมูลต่างๆ ที่เกี่ยวข้องเพื่อใช้ประกอบในการสัมภาษณ์"," - ใช้หลักการ วิธีการสร้างข้อคำถามกับผู้ถูกสัมภาษณ์ได้เบื้องต้นตามมาตรฐานที่องค์การกำหนด
 - อธิบายได้ถึงบุคลิกลักษณะนิสัยของผู้ถูกสัมภาษณ์ โดยประมวลผลจากการสัมภาษณ์"," - มีเทคนิคในการตั้งคำถามเพื่อสัมภาษณ์ผู้สมัครได้อย่างมีประสิทธิภาพ
 - วิเคราะห์ปัญหาในการสัมภาษณ์คัดเลือกที่พบ และนำเสนอแก้ปัญหาขององค์การ"," - นำเครื่องมือ แนวทางใหม่ๆ มาประยุกต์ใช้ในการสัมภาษณ์เพื่อคัดเลือกพนักงานขององค์การ
 - สอนแนะผู้อื่นถึงหลักการปฏิบัติและขั้นตอนการสัมภาษณ์ที่ถูกต้อง เหมาะสม","เนื่องจากประเภท CC , TC มีระดับ PL1  - PL4 ซึ่ง PL4 เป็นระดับสูงสุด จึงไม่มี PL5",TC
20,TC088,ความรู้ เกี่ยวกับตลาดแรงงาน,ความรู้ และเข้าใจในสภาพการณ์ของตลาดแรงงานในอดีต ปัจจุบัน และอนาคต ความสามารถในการคาดการณ์ได้เกี่ยวกับความต้องการแรงงานในกลุ่มอาชีพต่างๆ หรือแม้กระทั่งความหนาแน่นของแรงงาน โดยการแสวงหาแหล่งข้อมูลที่มีความน่าเชื่อถือ พร้อมทั้งวิเคราะห์ปรากฎการณ์ต่างๆ ไม่ว่าจะเป็น การเมือง เศรษฐกิจ สังคมที่อาจจะส่งผลต่อตลาดแรงงานได้ ," - สอบถามผู้รู้เกี่ยวกับข้อมูลตลาดแรงงาน ตั้งคำถามที่สามารถอธิบายได้ถึงสภาพการณ์
 - แสวงหาข้อมูลที่น่าเชื่อถือ เพื่อพิจารณาหาแหล่งตลาดแรงงาน โดยได้รับการชี้แนะจากผู้บังคับบัญชา"," - เข้าใจสภาพตลาดแรงงานในปัจจุบัน สามารถอธิบายได้ถึงปรากฎการณ์การเปลี่ยนแปลงต่างๆ สภาพแวดล้อม และโครงสร้างทางเศรษฐกิจ 
 - สามารถสรุปข้อมูลที่จะนำมาใช้ และเปรียบเทียบได้"," - สามารถวิเคราะห์สภาพตลาดแรงงานในปัจจุบัน และแสวงหาเทคนิค และวิธีการในการคาดการณ์อย่างมีหลักการ เกี่ยวกับแนวโน้วความต้องการแรงงานในอนาคต
 - อธิบาย และแนะนำผู้อื่นได้ถึงสภาพตลาดแรงงาน แนวทาง และเทคนิค เพื่อการวิเคราะห์ข้อมูลด้านตลาดแรงงานได้"," - ประเมินปัญหาและข้อจำกัด ของตลาดแรงงานที่มีผลต่อธุรกิจ
 - กำหนดแนวทางการแสวงหาตลาดแรงงานที่มีคุณภาพ และตรงกับความต้องการขององค์การได้","เนื่องจากประเภท CC , TC มีระดับ PL1  - PL4 ซึ่ง PL4 เป็นระดับสูงสุด จึงไม่มี PL5",TC
21,TC089,ความรู้ ทักษะการจัดทำแผนการอบรมพัฒนา (IDP Plan),ความรู้ ความเข้าใจกระบวนการ ขั้นตอนและวิธีการในการจัดทำแผนการอบรมพัฒนาความรู้ ทักษะ (IDP Plan) จากผลการประเมิน Competency Gap ของแต่ละตำแหน่งงาน เพื่อพัฒนาความรู้และทักษะของพนักงานรายบุคคลให้สอดคล้องตามกลยุทธ์องค์การ," - อธิบายหลักการ วิธีการจัดทำแผนการอบรมพัฒนา ความรู้ ทักษะ (IDP Plan) จากการประเมิน Competency Gap ตามระบบที่องค์การกำหนดได้
 - จัดเตรียม และรวบรวมข้อมูลเพื่อจัดทำแผนการอบรมพัฒนา ความรู้ ทักษะ (IDP Plan) จากการประเมิน Competency Gap ตามระบบที่องค์การกำหนดได้"," - วิเคราะห์ และจัดทำ แผนการอบรมพัฒนา ความรู้ ทักษะ (IDP Plan) จากการประเมิน Competency Gap ในส่วนที่ตนรับผิดชอบได้
 - ตอบข้อซักถามเกี่ยวกับการจัดทำ  แผนการอบรมพัฒนา ความรู้ ทักษะ (IDP Plan) จากการประเมิน Competency Gap ในส่วนที่ตนรับผิดชอบได้"," - ตรวจสอบความถูกต้องในการจัดทำแผนการอบรมพัฒนา ความรู้ ทักษะ (IDP Plan) จากการประเมิน Competency Gap ตามระบบที่องค์การกำหนดได้
 - สอน และแนะนำผู้อื่นได้ถึงขั้นตอน วิธีการจัดทำแผนการอบรมพัฒนา ความรู้ ทักษะ (IDP Plan) จากการประเมิน Competency Gap ตามระบบที่องค์การกำหนดได้"," - พัฒนาและปรับปรุงวิธีการจัดทำแผนการอบรมพัฒนา ความรู้ ทักษะ (IDP Plan) จากการประเมิน Competency Gap ให้มีประสิทธิภาพสูงสุด
 - ให้ข้อเสนอแนะผู้อื่นถึงวิธีการจัดทำแผนการอบรมพัฒนา ความรู้ ทักษะ (IDP Plan) จากการประเมิน Competency Gap ตามระบบที่องค์การกำหนดได้","เนื่องจากประเภท CC , TC มีระดับ PL1  - PL4 ซึ่ง PL4 เป็นระดับสูงสุด จึงไม่มี PL5",TC
22,TC115,ความรู้ เกี่ยวกับกฎหมายแรงงาน และกฎหมายที่เกี่ยวข้อง,ความสามารถในการอธิบายถึงกฏระเบียบ และข้อบังคับต่างๆ ที่เกี่ยวข้องกับกฎหมายแรงงาน รวมทั้งการตอบข้อซักถามและให้คำปรึกษาแนะนำในประเด็นต่างๆ โดยอ้างอิงจากกฎหมายแรงงานได้ ," - ชี้แจงรายละเอียดของกฏระบียบและข้อบังคับต่างๆ ที่เกี่ยวข้องกับกฎหมายแรงงาน 
 - ตอบข้อซักถามเกี่ยวกับกฎหมายแรงงานให้สมาชิกในทีมได้ "," - ช่วยเหลือสมาชิกในทีมอธิบายรายละเอียดเกี่ยวกับกฎหมายแรงงานแก่ผู้อื่นได้ 
 - ตอบข้อซักถามหรือประเด็นข้อสงสัยเกี่ยวกับกฎหมายแรงงานให้แก่ผู้อื่นได้ "," - ยกตัวอย่างการแก้ไขปัญหาที่เกิดขึ้นด้วยการอ้างถึงกฎหมายแรงงานที่เกี่ยวข้องได้
 - ให้คำปรึกษาแนะนำในข้อกฎหมายแรงงานแก่ผู้อื่นได้ "," - อ้างอิงกฎหมายแรงงานในการยุติปัญหาหรือสถานการณ์ความขัดแย้งที่เกิดขึ้น 
 - เจรจาต่อรองกับผู้อื่นเพื่อรักษาผลประโยชน์ขององค์การโดยอ้างอิงถึงกฎหมายแรงงานและกฎหมายอื่นๆ ที่เกี่ยวข้อง  ","เนื่องจากประเภท CC , TC มีระดับ PL1  - PL4 ซึ่ง PL4 เป็นระดับสูงสุด จึงไม่มี PL5",TC
23,FC1B,การสร้างความเข้าใจที่ตรงกันเกี่ยวกับกลยุทธ์องค์กร (Strategic Alignment),"สมรรถนะในการสร้างความชัดเจนเกี่ยวกับ Vision, Mission, Corporate Strategy และ Business Strategy ทั้งแนวดิ่งและแนวราบ เพื่อทำให้เกิดความสอดคล้องและแนวทางเดียวกันระหว่าง Business Strategy และ SBG Operating Model ทั้งนี้ รวมถึงการติดตามให้หน่วยงานที่เกี่ยวข้องนำ Business Strategy ไปลงมือปฏิบัติจริง การติดตามความคืบหน้าและทบทวนการปฏิบัติตามแผนกลยุทธ์ที่ได้กำหนดได้","มีความรู้ความเข้าใจขั้นพื้นฐาน ในความเชื่อมโยงของ Vision, Mission, Corporate strategy และ Business strategy ประสานงานกับหน่วยงานต่างๆ  เพื่อตรวจสอบความเข้าใจ และค้นหาข้อมูลเพื่อสนับสนุนการนำ Business strategy ไปลงมือปฏิบัติจริง ","จัดทำแผนการประชุมให้ตัวแทนจากทุกทีมงาน สนับสนุนและอำนวยความสะดวกในการประชุม จัดทำสื่อประชาสัมพันธ์ต่างๆในการถ่ายทอดVision, Mission, Corporate strategy และ Business strategy ภายในองค์กร และแผนตรวจสอบความเข้าใจของพนักงานได้",กำหนดกระบวนการในการมีส่วนร่วมของตัวแทนจากทุกหน่วยงาน แปลงกลยุทธ์เป็นวิธีการที่มีการสนับสนุนที่ชัดเจนในเรื่องของหน่วยงาน ระยะเวลา งบประมาณ และทรัพยากรอื่นๆ ที่จำเป็นเพื่อผลักดันให้สามารถปฏิบัติตามกลยุทธ์ได้,กำหนดกลยุทธ์และแผนการสร้างความเชื่อมโยงและสอดคล้องระหว่างกลยุทธ์ทางธุรกิจกับปัจจัยต่างๆ ภายในองค์กร ผลักดันให้เกิดการลงมือปฏิบัติจริงตามแผนกลยุทธ์,"กำหนดนโยบายการสื่อสารเพื่อสร้างความชัดเจนที่ตรงกันเกี่ยวกับ Vision, Mission, Corporate Strategy และ Business Strategy  และความสอดคล้องกัน ",FC
24,FC49,การเป็น HR ที่เป็นพันธมิตรที่ดีทางธุรกิจ (HRBP  (HR Business Partnership)),"สมรรถนะของบุคลากรที่สามารถสนับสนุนการวางกลยุทธ์การจัดการแรงขับเคลื่อนภายในองค์กร การสรรหาบุคลากรที่เหมาะสมกับองค์กรในปัจจุบันและอนาคตรวมทั้งการพัฒนาบุคลากรทั้งเดิมและ New Comer ให้พร้อมรับการปรับเปลี่ยนของกลยุทธ์และโลกในอนาคตข้างหน้า โดยการจัดการสร้างแรงจูงใจจากการให้ผลตอบแทนและผลประโยชน์ที่เหมาะสมกับพนักงาน รวมทั้งกลุ่ม Talent และ Successor การจัดการโครงสร้างองค์กรอย่างมีประสิทธิภาพ และการจัดการฝ่ายและส่วนงานที่เอื้ออำนวยต่อการเติบโตและการสร้างสรรค์สิ่งใหม่ และสอดคล้องกับ Vision, Mission, Core Value, Corporate strategy และ Business Strategy ",พร้อมเปิดรับข้อมูลที่เป็นประโยชน์ในการเป็นผู้ช่วยที่ดีในการสนับสนุนการผลักดันกลยุทธ์ มีทัศนคติและมุ่งมั่นที่จะเป็นผู้ช่วยที่ดี เข้าใจปัจจัยในการทำงาน ทราบและปฏิบัติตามขั้นตอนการทำงาน รับฟังพนักงานรวมทั้งผู้บริหารทั้งเรื่องปัญหาและอุปสรรคในการขับเคลื่อนกลยุทธ์ได้,พร้อมตอบสนองต่อความต้องการในการวางแผนงานกลยุทธ์ให้ผู้บริหาร ค้นหาเครือข่าย ข้อมูล ระบบ และเครื่องมือต่างๆ ที่มีความทันสมัย ให้ข้อมูลย้อนกลับและให้ความร่วมมือในการดำเนินการตามแผนกลยุทธ์ พร้อมเชื่อมโยงกลยุทธ์ระดับหน่วยงานและวางแผนการทำงานได้,นำองค์ความรู้ประกอบการตัดสินใจของผู้บริหาร วิเคราะห์และแก้ปัญหาในการทำงาน บริหารจัดการข้อมูล  ให้คำปรึกษางานด้านทรัพยากรบุคคล ค้นหาแนวความคิด องค์ความรู้ ระบบและวิธีการรวมทั้งเครื่องมือในการทำงาน พร้อมส่งต่อความรู้ในงานทรัพยากรบุคคลได้,ออกแบบ พัฒนาและนำกลยุทธ์มาใช้ในการวางแผนพัฒนากระบวนการทำงานให้เหมาะสมตามกลยุทธ์ ร่วมกำหนดและวางแผนด้านทรัพยากรบุคคลที่สอดคล้องกับกลยุทธ์ระดับองค์กรและหน่วยงานได้,"กำหนดกลยุทธ์และการดำเนินการขับเคลื่อนภายในองค์กร กำหนดวิสัยทัศน์ด้านทรัพยากรบุคคล ที่สอดคล้องกับ Vision, Mission และ Corporate strategy พร้อมทั้งส่งมอบข้อมูลที่ผ่านการวิเคราะห์ สังเคราะห์และประเมินความเป็นไปได้ในการตัดสินใจ โดยร่วมตัดสินใจในการดำเนินการด้านการจัดการทรัพยากรบุคคล",FC
25,FC50,การเป็นศูนย์กลางความเป็นเลิศในงาน HR – ด้านการจัดการองค์กร (OD) (COE – Organization  (Center of Excellence)),"สมรรถนะของบุคลากรสายทรัพยากรบุคคลในการเป็นศูนย์กลางความเป็นเลิศในงานทรัพยากรบุคคล ทั้งในด้านความรู้ ทักษะ ความสามารถ ประสบการณ์ ในด้านการจัดการองค์กร เพื่อตอบสนองด้าน Methodology, Tools, Best Practice  ในส่วนของ Organization Design, Change Management, Culture Development ในระดับองค์กร โดยให้สอดคล้องกับ Vision, Mission, Core Value, Corporate strategy และการเติบโตในอนาคต ",มีความรู้ความเข้าใจการพัฒนาองค์กรขั้นพื้นฐาน ค้นหาปัญหาและอุปสรรคในการทำงาน พร้อมใช้ความรู้และประสบการณ์ให้เหมาะสมต่อการเปลี่ยนแปลงบริบทขององค์กร,เลือกใช้วิธีการ ระบบ เครื่องมือ และกระบวนการที่เหมาะสมเบื้องต้น เลือกใช้ข้อมูลที่มีอยู่อย่างหลากหลายให้เหมาะสมกับบริบทของปัญหา  ประสานงานกับทุกฝ่ายในเรื่องการสื่อสารกลยุทธ์ ปรับเปลี่ยนวิธีการให้เหมาะสมกับสถานการณ์ พร้อมทั้งนำเสนอแนวทางเลือกที่หลากหลายในการพัฒนาองค์กรได้ ,มีความเชี่ยวชาญในสายงานที่ตนรับผิดชอบเพื่อตอบโจทย์ด้านกลยุทธ์ในระดับหน่วยงาน  เน้นการคิดแบบ Think Organizationally  คาดการณ์และวางแผนรับมือกับการเปลี่ยนแปลง แปลงกลยุทธ์เป็นแผนการปฏิบัติงานในการพัฒนาองค์กรอย่างเป็นรูปธรรม และ ร่วมออกแบบกระบวนการทำงานของฝ่ายต่างๆ ,กำหนดกลยุทธ์ในการใช้วิธีการ ระบบ เครื่องมือ และกระบวนการในการทำงานที่ส่งเสริมให้เกิดเปลี่ยนแปลงองค์กร ออกแบบโครงสร้างและกระบวนการทำงาน การตั้งเป้าหมายของฝ่ายงานต่างๆ ที่ท้าทาย กำหนดกลยุทธ์ให้เกิดการพัฒนาองค์กรอย่างเป็นรูปธรรม ,"กำหนดกลยุทธ์การจัดการองค์กรและบริหารงานบุคคล ปรับเปลี่ยนโครงสร้างองค์กรและกระบวนการทำงาน สร้างและประสานความร่วมมือในการจัดการองค์กรให้สอดคล้องกับ Vision, Mission และ Corporate strategy ทั้งยังร่วมกำหนด Corporate Strategy ของฝ่ายบริหารโดยใช้พื้นฐานของความเป็นเลิศในงานทรัพยากรบุคคล ",FC
26,FC51,การเป็นศูนย์กลางความเป็นเลิศในงาน HR - ด้านบุคลากร (HRM/HRD)),"สมรรถนะของบุคลากรสายทรัพยากรบุคคลในการเป็นศูนย์กลางความเป็นเลิศในงานทรัพยากรบุคคล ทั้งในด้านความรู้ ทักษะ ความสามารถ และประสบการณ์ในด้านบุคลากร เพื่อตอบสนองด้าน Methodology, Tools, Best Practice  ในส่วนของ Performance, Reward, Learning and Development, Career, Succession และ Talent Management  โดยให้สอดคล้องกับ Vision, Mission, Core Value, Corporate strategy และการเติบโตในอนาคต ",เป็นผู้ช่วยในการแก้ไขปัญหาในการทำงานด้านทรัพยากรบุคคลให้กับหน่วยงานอื่นเบื้องต้นได้ ให้ข้อมูลที่เป็นประโยชน์และถูกต้องในสายงานทรัพยากรบุคคลกับพนักงานในองค์กรในเบื้องต้นได้,ร่วมวิเคราะห์และวางแผนร่วมกับผู้บริหารระดับกลางเบื้องต้น  นำ Knowledge และ Know-How ขยายผลในรูปแบบ Best Practice ระดับหน่วยงาน ร่วมทั้งมีการบูรณาการ และวางแผนพัฒนาบุคลากรในฝ่านงานให้สอดคล้องกับกลยุทธ์ของหน่วยงานได้,เป็นตัวแทนของฝ่ายงานทรัพยากร (HR Ambassador)  กำหนดมาตรฐานในการถ่ายทอดความรู้และทักษะผ่านรูปแบบที่หลากหลายในระดับฝ่ายงาน และสนับสนุนการทำงานของผู้บริหารระดับกลางได้,ออกแบบโครงสร้างองค์กรและกระบวนการทำงาน กำหนดแบบแผนการจัดการความรู้และทักษะของบุคลากร พร้อมส่งเสริมให้มีโอกาสในการเผยแพร่องค์ความรู้ ทักษะ ความสามารถและประสบการณ์ให้กับหน่วยงานภายในและหน่วยงานภายนอก,"กำหนดนโยบายการเป็นศูนย์กลางความเชี่ยวชาญด้านทรัพยากรบุคคล ทั้งในเรื่องการออกแบบโครงสร้างองค์กรและฝ่ายงานที่เหมาะสมต่อการเป็นศูนย์กลางความเป็นเลิศ พร้อมทั้งกำหนดมาตรฐานความเป็นเลิศในสายงานทรัพยากรบุคคลให้สอดคล้องกับ Vision, Mission และ Corporate strategy ",FC
27,FC52,การให้บริการที่เป็นเลิศในงาน HR (HR Service Excellence),"สมรรถนะของบุคลากรสายทรัพยากรบุคคลในการเป็นผู้มีความเป็นเลิศในการให้บริการด้านงานทรัพยากรบุคคล ไม่ว่าจะเป็นการให้คำปรึกษา  การร่วมกำหนดแผนการปฏิบัติงาน การวัดและประเมินผลการทำงาน การวางแผนการพัฒนาบุคลากร ซึ่งถือเป็นตัวแทนและสื่อกลางในการรักษาความสัมพันธ์ระหว่างองค์กร พนักงาน และผู้มีส่วนได้ส่วนเสีย โดยมุ่งเน้นการทำงานที่สอดคล้องกับ Vision Mission, Core Culture และ Strategy ใหม่ๆ และเหมาะสมกับการเติบโตขององค์กรในอุตสาหกรรมยานยนต์",มีข้อมูลที่ถูกต้อง ครบถ้วน ชัดเจน และทันเวลา เพื่อตอบสนองต่อความต้องการของผู้บริหารและพนักงานอย่างสม่ำเสมอ สำรวจความพึงพอใจในการทำงานของพนักงาน พร้อมรับฟังเพื่อร่วมค้นหาวิธีการตอบสนองความต้องการได้,สื่อสารภายในองค์กร และสร้างความประทับใจในการสื่อสาร การให้ข้อมูล การส่งมอบงานและบริการเพื่อสร้างและรักษาความสัมพันธ์ระหว่างพนักงานภายใน องค์กร และหน่วยงานภายนอก วิเคราะห์ปัญหา อุปสรรคเบื้องต้นต่อผู้บริหาร  พร้อมค้นหา Idea ในการดูแลพนักงานได้,เป็นตัวแทนในการขับเคลื่อนให้ดำเนินการตาม  Vision Mission Strategy และ Core Culture  สนับสนุนการวางแผนและออกแบบกลยุทธ์การให้บริการที่เป็นเลิศทาง HR ให้ตอบสนองกับความต้องการของบุคลากรในองค์กร,กำหนดแผนงานในการสร้างและรักษาสัมพันธ์ที่ดีระหว่างองค์กร พนักงาน และหน่วยงานภายนอก ให้เป็นไปตาม Business Strategy กำหนดมาตรฐานในการบริการด้าน HR ที่เป็นเลิศ พร้อมทั้งผลักดันบุคลากรดำเนินการตาม HR Service Excellence Model ,กำหนดวิสัยทัศน์ของรูปแบบการบริการที่เป็นเลิศในงานทรัพยากรบุคคล กำหนดกลยุทธ์และเป้าหมายในการให้บริการและระดับความพึงพอใจ เป็นแบบอย่างที่ดีในการปฏิบัติงานอย่างมีคุณภาพ ส่งมอบบริการที่เป็นเลิศ พร้อมทั้งส่งเสริมและสนับสนุนให้ดำเนินตาม HR Service Excellence Model  ,FC
28,MC1,"การมุ่งมั่นในการส่งมอบงานที่มีคุณภาพ (Work Standard & Quality Orientation)
",การตั้งมาตรฐานในการปฏิบัติงานที่สูงทั้งของตนเองและผู้อื่น  การรับภาระหน้าที่และความรับผิดชอบเพื่อดำเนินงานที่ได้รับมอบหมาย หรืองานในความรับผิดชอบให้สำเร็จ  เป็นผู้ที่นำมาตรฐานที่เป็นเลิศมาใช้โดยไม่ต้องมีการบังคับ การปฏิบัติงานให้สำเร็จด้วยการใส่ใจในทุกส่วนที่เกี่ยวข้องกับงาน ไม่ว่าจะเล็กน้อยเพียงใด แสดงออกถึงการใส่ใจต่องานในทุกมุมมอง ตรวจสอบกระบวนการและงานอย่างถูกต้องแม่นยำ ตรวจสอบอย่างใกล้ชิดในระหว่างดำเนินการ,ปฏิบัติตามขั้นตอนการทำงานอย่างเคร่งครัดและถูกต้อง รับผิดชอบงานที่ได้รับมอบหมาย และตรวจสอบความถูกต้อง,นำแนวคิดระบบมาตรฐานและระบบคุณภาพและตัวชี้วัดในการบริหารคุณภาพไปใช้อย่างครอบคลุม ให้คำแนะนำหรือที่ปรึกษาแก่ผู้อื่นในการปฏิบัติงานและผลิตผลงานที่มีคุณภาพได้,กำหนดหน้าที่ความรับผิดชอบในการปฏิบัติตามระบบมาตรฐานและระบบคุณภาพต่างๆ ทบทวนและปรับปรุง ตรวจสอบแก้ไข และประยุกต์ใช้แนวคิดและตัวชี้วัดในการบริหารคุณภาพสู่การปฏิบัติงาน,กำหนดมาตรฐานด้านความเป็นเลิศในงาน ด้วยการศึกษา และ Benchmark ระบบมาตรฐาน/ระบบคุณภาพ ตรวจสอบคุณภาพและส่งเสริมให้พนักงานได้รับการฝึกอบรมอย่างต่อเนื่อง,ปลุกจิตสำนึก สร้างความตระหนักในการทำงานด้วยคุณภาพ ให้การสนับสนุนเต็มที่ในการพัฒนา/ปรับปรุง คุณภาพทั้งงานและบุคลากรในองค์กรได้,MC
29,MC10,การบริหารจัดการทีมและสร้างพันธมิตร (Team Leadership & Partnering),ความสามารถในการทำงานร่วมกันกับผู้อื่นเป็นทีมได้เป็นอย่างดี รู้และเข้าใจบทบาทหน้าที่ของตนเองและความเชื่อมโยงกับบทบาทของสมาชิกในทีม ให้การสนับสนุนโดยมีการประสานงานที่ดี แลกเปลี่ยนข้อมูลความรู้ประสบการณ์การทำงานเพื่อช่วยในการปฏิบัติงานของทีมงาน การรักษาสัมพันธภาพที่ดีภายในทีม ความสามารถในการสร้างความไว้ใจ รวมทั้ง ความรู้ความเข้าใจในโครงสร้างและข้อดีและข้อเสียของเครือข่ายธุรกิจและพันธมิตรระหว่างประเทศแต่ละรูปแบบ ตลอดจนทักษะในการปฏิสัมพันธ์กับบุคคลหรือองค์กรเป้าหมาย และการสร้างเครือข่ายทางธุรกิจ,เข้าใจบทบาทความรับผิดชอบของตนเองและความสัมพันธ์กับผู้อื่น แบ่งปันข้อมูลที่เป็นประโยชน์กับผู้อื่น รวมทั้งมีความรู้ความเข้าใจในโครงสร้างของเครือข่ายธุรกิจที่มีความสัมพันธ์ต่อความสำเร็จของธุรกิจองค์กร สามารถระบุและแสวงหาโอกาสในการสร้างเครือข่ายในระดับบุคคล/องค์กร,ทุ่มเทปฏิบัติงานที่ได้รับมอบหมายอย่างเต็มความสามารถเพื่อให้บรรลุจุดมุ่งหมายของทีม รวมทั้งสร้างการมีส่วนร่วมและความผูกพันภายในทีม รวมทั้ง เข้าใจรูปแบบต่างๆ ของโครงสร้างของเครือข่ายธุรกิจระหว่างประเทศ ระบุได้ถึงปัจจัยด้านคนหรือสมาชิกที่อยู่ในเครือข่าย ,กำหนดกลยุทธ์ของการทำงานในทีม  บทบาทและหน้าที่ของสมาชิกในทีมให้เชื่อมโยงกับเป้าหมายขององค์กร และปฏิบัติหน้าที่เป็นผู้นำในการบริหารจัดการ Team รวมทั้ง แนะนำเทคนิคในการปฏิสัมพันธ์กับบุคคลหรือองค์กรเป้าหมาย รวมทั้งการสนทนาและการตึ้งคำถามที่ถูกต้องเพื่อให้บรรลุเป้าหมายในการสร้างความสัมพันธ์,สนับสนุนและมุ่งมั่นในการผลักดันให้สมาชิกภายในทีมทำงานร่วมกันกับฝ่ายงานอื่นทั้งภายในและภายนอกองค์กร โดยยึดหลักสากลเป็นสำคัญ รวมทั้ง กำหนดเป้าหมาย บุคคล หรือองค์กรเป้าหมายของการสร้างเครือข่ายทางธุรกิจ ติดตามและรักษาความสัมพันธ์ให้ยั่งยืน ,บริหารจัดการ สร้างระบบที่ผลักดันให้สมาชิกในทีมสร้างองค์ความรู้และความเข้าใจร่วมกัน สร้างสรรทีมให้เกิดแรงจูงใจในการทำงาน การเปิดกว้างทางความคิดที่แตกต่าง รวมทั้ง การกำหนดนโยบายเชิงรุกในการสร้างเครือข่ายธุรกิจให้เกิดประโยชน์สูงสุด  เป็นผู้นำในการหาวิธีการตอบสนองลูกค้าทั้งภายในและภายนอก,MC
30,MC2,"การคิดอย่างเจ้าของ (Sense of Ownership)

",การมีจิตสำนึกในการเป็นเจ้าของในงาน โครงการ และหน้าที่ที่ตนเองรับผิดชอบ ยอมรับผลสำเร็จ และความล้มเหลว รวมทั้งมีการป้องกันและจัดการความเสี่ยงที่อาจเกิดขึ้นในงานของตนเอง ,แสดงออกถึงความเป็นเจ้าของในงานของตนเอง ตรวจสอบความผิดพลาด และพัฒนางาน รวมทั้งโครงการที่ตนเองรับผิดชอบ โดยไม่ต้องรอคำสั่ง ตั้งคำถามหากมีข้อสงสัย และนำเสนอแนวทางการปรับปรุงการทำงาน และใช้ทรัพยากรอย่างรู้คุณค่า,แสดงออกถึงความเป็นเจ้าของในงาน/โครงการที่รับผิดชอบ ตั้งเป้าหมายและพยายามบรรลุเป้าหมายที่ตั้งไว้ รวมทั้งขจัดอุปสรรคที่เกิดขึ้นระหว่างการทำงาน หาโอกาสพัฒนางาน อยู่เสมอ เข้าใจถึงผลสำเร็จของงานของตนเองว่าส่งผลกระทบต่อองค์กรในระดับใด และใช้ทรัพยากรอย่างคุ้มค่า,แสดงออกถึงความเป็นเจ้าของร่วมกันของงาน/โครงการในระดับหน่วยงาน มีส่วนร่วมในการกำหนดเป้าหมายของหน่วยงาน/ฝ่ายงาน  มีการนำระบบต่างๆ มาสนับสนุนและพัฒนางาน/โครงการ ค้นหาวิธีการ รูปแบบการทำงานใหม่ๆ จากภายนอกมาปรับปรุงงานให้ดีขึ้น สามารถบริหารจัดการทรัพยากรให้เกิดประโยชน์ต่อองค์กร ,แสดงออกถึงความเป็นเจ้าของในงาน/โครงการระดับฝ่าย ตั้งเป้าหมายที่ท้าทายและมีความชัดเจน ปรับเปลี่ยน และนำเสนอ รวมทั้งสนับสนุนความคิดใหม่ๆ เพื่อจัดการกับปัญหาและอุปสรรคและส่งเสริมให้การทำงานในฝ่ายงานมีประสิทธิภาพดีขึ้นบริหารจัดการ และจัดสรรทรัพยากรให้เหมาะสมกับการทำงานของฝ่ายงาน ,แสดงออกถึงความเป็นเจ้าของในโครงการสำคัญที่ส่งผลต่อการเปลี่ยนแปลงและการเติบโตขององค์กร สร้างวัฒนธรรมและบรรยากาศที่ส่งเสริมให้พนักงานเป็นเจ้าของในงานของตน ให้มีความกล้าที่จะเปลี่ยนแปลง เปิดโอกาสให้ใช้นวัตกรรมและเครื่องมือใหม่ๆ  เพื่อให้การทำงานมีประสิทธิภาพมากยิ่งขึ้น ,MC
31,MC3,การร่วมมือร่วมใจและการทำงานเป็นทีม (Collaboration & Teamwork),ความสามารถในการทำงานร่วมกันกับผู้อื่นเป็นทีมได้เป็นอย่างดี รู้และเข้าใจบทบาทหน้าที่ของตนเองและความเชื่อมโยงกับบทบาทของสมาชิกในทีม ทราบและตระหนักถึงความสำคัญของการทำงานให้บรรลุเป้าหมายของทีมงาน และให้การสนับสนุนโดยมีการประสานงานที่ดี รวมถึงแลก เปลี่ยนข้อมูลความรู้ประสบการณ์การทำงานเพื่อช่วยในการปฏิบัติงานของทีมงานให้เป็นไปอย่างราบรื่นและมีการรักษาสัมพันธภาพที่ดีภายในทีม รวมถึงความสามารถในการสร้างความไว้ใจและความน่าเชื่อถือให้เกิดขึ้นภายในองค์กร,เข้าใจบทบาทความรับผิดชอบของตนเองและความสัมพันธ์กับผู้อื่น แบ่งปันข้อมูลที่เป็นประโยชน์กับผู้อื่น นำเสนอสิ่งที่แตกต่างเพื่อสร้างแรงบันดาลใจในการทำงานได้ สามารถทำงานเป็นทีมได้,ทุ่มเทปฏิบัติงานที่ได้รับมอบหมายอย่างเต็มความสามารถเพื่อให้บรรลุจุดมุ่งหมายของทีม รวมทั้งสร้างการมีส่วนร่วมและความผูกพันภายในทีม,มีการกำหนดบทบาทและหน้าที่ของสมาชิกในทีมให้เชื่อมโยงกับเป้าหมายขององค์กร และปฏิบัติหน้าที่เป็นผู้นำในการบริหารจัดการทีม เป็นผู้นำทีม/โครงการที่ได้รับมอบหมาย โดยออกแบบและจัดการงานได้อย่างมีประสิทธิภาพ มีการสนับสนุนให้ทีมบรรลุเป้าหมายที่ตั้งไว้,สนับสนุนและมุ่งมั่นในการผลักดันให้สมาชิกภายในทีมทำงานร่วมกัน รวมทั้งในมีส่วนร่วมในการทำงานระหว่างทีม และ/หรือระหว่างฝ่ายงานอื่นทั้งภายในและภายนอกองค์กร  โดยทำงานภายใต้ความแตกต่างของทีมได้,บริหารจัดการ สร้างระบบที่ผลักดันให้สมาชิกในทีมสร้างองค์ความรู้และความเข้าใจร่วมกัน สร้างสรรค์ทีมให้เกิดแรงจูงใจในการทำงาน และส่งเสริมนโยบายการเปิดกว้างทางความคิดที่แตกต่าง,MC
32,MC4,การสื่อสารและนำเสนออย่างมีประสิทธิภาพ (Effective Communication & Presentation),ความสามารถในการสื่อสารได้อย่างกระชับและชัดเจนในสถานการณ์ที่หลากหลาย ด้วยวิธีการที่มีเป้าหมายและกระตุ้นให้ผู้อื่นเข้าใจ คิดและทำ มีส่วนร่วม และปฏิบัติงานให้บรรลุผลสำเร็จอย่างมีประสิทธิผล รวมทั้งสามารถนำเสนองาน/โครงการได้อย่างมีประสิทธิภาพ ,จัดเตรียมข้อมูลสำหรับการสื่อสารและนำเสนอได้ เข้าใจความแตกต่างของผู้รับสาร เป็นผู้ฟังที่ดีที่เรียบเรียงความคิด และจับประเด็นได้ (Listening),สื่อสารได้ตรงประเด็น และตรงตามเป้าหมายที่ตั้งไว้ เลือกการสื่อสารที่มีประสิทธิภาพ ให้เหมาะสมกับผู้รับสาร นำเสนอรายงานที่เกี่ยวข้องกับงานของตนเองให้ผู้เกี่ยวข้องเข้าใจ สามารถเข้าร่วมประชุมและสรุปประเด็นในการประชุมได้ถูกต้อง ,สื่อสารและนำเสนองานในระดับหน่วยงาน หรือเป็นตัวแทนในการนำเสนอผลงาน/โครงการของหน่วยงานและเจรจาต่อรองกับผู้เกี่ยวข้องในระดับหน่วยงานให้สามารถบรรลุเป้าหมายที่ตั้งไว้  มีความเข้าใจความเหมาะสมของสถานการณ์และสามารถสื่อสารประเด็นที่มีความซับซ้อนในระดับหน่วยงานได้ โดยสามารถสื่อสารภาษาต่างประเทศได้ในหน่วยงานที่ต้องติดต่อสื่อสารกับลูกค้าต่างประเทศ,เป็นตัวแทนหรือมีหน้าที่ในการนำเสนอและสื่อสารในเรื่องราวสำคัญทั้งในและนอกองค์กร รวมทั้งเจรจาต่อรองกับผู้เกี่ยวข้องในเรื่องสำคัญในระดับฝ่ายงาน ชี้แจงและจูงใจบุคคลทั้งภายใน/นอกองค์กรให้เข้าใจและรับฟังได้ตลอดจนคล้อยตามในเรื่องที่ส่งผลกระทบรุนแรงต่อองค์กร โดยสามารถสื่อสารภาษาต่างประเทศได้เป็นอย่างดีในหน่วยงานที่ต้องติดต่อสื่อสารกับลูกค้าต่างประเทศ,มีกลยุทธ์ในการสื่อสารและนำเสนอโครงการสำคัญ มีกลยุทธ์-เทคนิคในการสื่อสารเรื่องที่เป็นทางการ ซับซ้อน และมีผลกระทบสูง รวมทั้งสามารถเป็นตัวแทนเจรจากับลูกค้า คู่ค้า และผู้เกี่ยวข้อง เพื่อให้ได้มาซึ่งผลสำเร็จและเป้าหมายที่องค์กรตั้งไว้ โดยสามารถสื่อสารภาษาต่างประเทศเชิงธุรกิจ ในหน่วยงานที่ต้องติดต่อสื่อสารกับลูกค้าต่างประเทศ,MC
33,MC5,การมองการณ์ไกลด้วยมุมมองระดับสากล (Visionary with Global Mindset),มีสมรรถนะของความเข้าใจในจุดมุ่งเน้นเชิงกลยุทธ์และการมองภาพรวมขององค์กร รวมทั้งมีความรู้ความเข้าใจในสภาพแวดล้อมการแข่งขันทางธุรกิจในระดับโลก เช่น รู้แนวโน้มทางเศรษฐกิจ สังคมและการเมืองที่มีผลต่อการออกแบบ บริหารจัดการ และขับเคลื่อนกลยุทธ์ขององค์กร ,รู้และเข้าใจกลยุทธ์ของหน่วยงาน ให้และสร้างความร่วมมือภายในหน่วยงานเพื่อให้หน่วยงานเป้าหมายตามกลยุทธ์ พยายามเรียนรู้ เข้าใจผลกระทบและติดตามข่าวสารในปัจจุบัน และการเปลี่ยนแปลงที่เกิดขึ้น ,ร่วมตั้งเป้าหมายของหน่วยงาน/ทีมงานให้สอดคล้องกับกลยุทธ์ คิดเชิงรุก  และป้องกันปัญหาที่อาจเกิดขึ้น มีการติดตามข่าวและสถานการณ์ของโลกหรือภายนอกที่เกี่ยวข้องกับองค์กร หรืองานที่ทำ และนำมาปรับให้เข้ากับหน้างานที่รับผิดชอบ,สนับสนุนการพัฒนากระบวนการจัดทำแผนกลยุทธ์และแผนปฏิบัติการของหน่วยงานให้ตอบโจทย์การเปลี่ยนแปลงของโลกหรือการเปลี่ยนแปลงจากภายนอก ศึกษาสภาพแวดล้อมการแข่งขันทางธุรกิจ สามารถคาดการณ์แนวโน้มของโลก และมีความยืดหยุ่นในการปรับตัวและปรับกลยุทธ์ของหน่วยงานให้พร้อมรับการเปลี่ยนแปลงที่เกิดขึ้น,กำหนดกลยุทธ์และแผนการทำงานของฝ่าย รวมทั้งกำหนดโครงสร้างบริหารจัดการงานได้สอดคล้องกับเป้าหมายหลัก โดยนำข้อมูลวิธีคิดในระดับสากลมาปรับใช้ มีการ Benchmark ข้อมูลจากภายนอกทั้งในประเทศ และต่างประเทศเพื่อเป็นข้อมูลประกอบในการวางแผนและกำหนดกลยุทธ์และแนวทางการทำงาน,กำหนดกลยุทธ์ขององค์กร และตระหนักถึงผลกระทบของการเปลี่ยนแปลงของโลกต่อโอกาสและอุปสรรคทางธุรกิจ ปรับวัฒนธรรมและวิธีการทำงานขององค์กรให้เป็นสากล  และนำมากำหนดนโยบาย วิสัยทัศน์ รวมทั้งเป้าหมาย และผลักดันตามกลยุทธ์ให้องค์กรตอบโตและพร้อมรับการเปลี่ยนแปลงอย่างยั่งยืน,MC
34,MC6,การวางแผนเชิงกลยุทธ์และผลักดันให้เกิดผลสำเร็จ (Strategic Planning & Driving for Result),"สมรรถนะของความเข้าใจในจุดมุ่งเน้นเชิงกลยุทธ์และการมองภาพรวมขององค์กร เพื่อให้บริหารจัดการงานได้อย่างสอดคล้องกัน ซึ่งประกอบด้วยทิศทางการดำเนินองค์กรเชิงกลยุทธ์  การมองการณ์ไกล มีวิสัยทัศน์ , การสร้างสรรค์กลยุทธ์ด้วยแนวคิดใหม่และเทคโนโลยี รวมถึงการนำกลยุทธ์ทางการเงิน การลงทุนและความเสี่ยงขององค์กร และสามารถแนะแนวทางให้ผู้อื่นมีผลการปฏิบัติงานที่สูงขึ้น  มีความกระตือรือร้นในการเป็นส่วนหนึ่งของทีมงานเพื่อผลักดันให้งาน/โครงการที่ได้รับมอบหมายให้ประสบความสำเร็จ","- มีความรู้และเข้าใจกลยุทธ์องค์กรและสามารถเชื่อมโยงงานของตนเองกับกลยุทธ์องค์กร
- ปฏิบัติงานด้วยความเต็มใจและมีแรงบันดาลใจในการทำงานอย่างต่อเนื่อง 
- พยายามทำงานให้บรรลุเป้าหมายของตน และแสดงออกถึงการปรับปรุงพัฒนางานให้ดีขึ้น","- ตั้งเป้าหมายให้สอดคล้องกับองค์กร
- นำความเข้าใจในเป้าหมายขององค์กรมาปรับใช้กับหน้างานของทีมงาน
- รับผิดชอบในการสร้างผลลัพธ์ให้ตามตามเป้าหมายที่ตั้งไว้ 
- ผลักดันให้งานของทีมงานสำเร็จ  ด้วยการให้ข้อมูลที่เป็นประโยชน์   รับฟังและให้ผู้อื่นมีส่วนร่วมอย่","- กำหนดแนวทางในการจัดการกับปัญหาหรือสถานการณ์ รวมทั้งปรับกลยุทธ์มาใช้ในการทำงานของหน่วยงาน
- สนับสนุนการพัฒนากระบวนการจัดทำแผนกลยุทธ์และแผนปฏิบัติการของหน่วยงาน
- มอบหมายงานท้าทายที่เหมาะสมให้กับสมาชิกในทีม และกระตุ้นทีมให้มุ่งมั่นเอาชนะอุปสรรคและมีแรงบ","- กำหนดกลยุทธ์และแผนการทำงานของฝ่ายได้สอดคล้องกับทิศทางขององค์กร
- ผลักดันและมีส่วนร่วมอย่างต่อเนื่องในการสร้างและสื่อสารทิศทาง เป้าหมาย และตัวชีวัดผลความสำเร็จอย่างชัดเจน และบทบาทของแต่ละบุคคลในฝ่ายงานอย่างชัดเจน 
- สร้างแนวทาง ขั้นตอน สภาพแวดล้อม และท","- กำหนดนโยบายขององค์กรผลักดันกลยุทธ์และริเริ่มแนวทางใหม่ที่ส่งเสริมความสามารถในการแข่งขัน
- บริหารงานด้วยความทุ่มเท เต็มกำลังความสามารถ และกล้าตัดสินใจให้งานสำเร็จโดยเร็ว
- เป็นตัวอย่างด้านความมุ่งมั่น และสร้างบันดาลใจ ส่งเสริมให้ทุกคนในบังคับบัญชามีควา",MC
35,MC7,การนำและบริหารการเปลี่ยนแปลง (Leading & Managing Change),ความรู้ความเข้าใจเกี่ยวกับปัจจัยที่ก่อให้เกิดความไม่แน่นอนหรือความเครียดในการทำงาน ตลอดจนทักษะในการจัดการและกำหนดกลยุทธ์เพื่อรับมือกับปัจจัยเหล่านั้นเพื่อให้การดำเนินงานของตน ของทีมงาน/หน่วยงาน/ฝ่ายงาน และขององค์กรเป็นไปได้อย่างราบรื่น,ทำความเข้าใจกับปัจจัยที่เกี่ยวข้องที่ไม่แน่นอน เปิดรับสิ่งใหม่ รวมทั้งโอกาสที่เข้ามา จัดการกับปัจจัยต่างๆ ที่ก่อให้เกิดความไม่แน่นอนตามคำแนะนำได้ จัดลำดับความสำคัญของงาน และอดทนกับการเผชิญการเปลี่ยนแปลงและอุปสรรค ,ควบคุมพฤติกรรมของทีมงาน ตระหนักและยอมรับการเปลี่ยนแปลงที่อาจเกิดขึ้น ช่วยเหลือแนะนำผู้อื่นในการปรับเทคนิคการคิดและการทำงานเพื่อดึงศักยภาพได้อย่างเต็มที่,ให้คำแนะนำที่นำไปใช้ได้จริง ปรับแนวคิดและวิธีการของหน่วยงานที่ส่งผลกระทบด้านลบต่อหน่วยงาน ตลอดจนให้กำลังใจผู้อื่นในการบริหารจัดการความเครียดได้อย่างมีประสิทธิภาพ สร้างความยืดหยุ่น และพร้อมรับมือกับสถานการณ์ต่างๆ ,บริหารจัดการปัจจัยต่างๆ สร้าง Mindset และวิธีคิดที่เปิดรับต่อการเปลี่ยนแปลงที่เกิดขึ้น ประเมินสถานการณ์ปัจจัยเสี่ยงทั้งโอกาสและอุปสรรค พร้อมจัดทำแผนรองรับด้วยวิธีการใหม่ๆ ที่เหมาะสมได้,กำหนดกลยุทธ์องค์กรเพื่อเตรียมรับมือกับปัจจัยที่ค่อนข้างมีความซับซ้อน พร้อมรับมือกับปัญหาและความท้าทาย ผลักดันและให้โอกาสแก่พนักงานในการทำงานและส่งเสริมให้เกิดการเรียนรู้สิ่งใหม่อยู่เสมอ,MC
36,MC8,การพัฒนาและให้คำชี้แนะผู้อื่น (Developing & Coaching Others),ให้แนวทางและ Feedback (ความคิดเห็นย้อนกลับ) ที่ทันการณ์แก่ผู้อื่น เพื่อเป็นการเพิ่มพูนความรู้และทักษะที่จำเป็นต่อการทำงานให้สำเร็จหรือการแก้ปัญหา,เข้าใจหลักการประโยชน์ของการ Coaching และการให้ Feedback ตั้งใจและลงมือพัฒนาตนเองตามแนวทางของ Coach/ผู้บังคับบัญชา,สามารถดำเนินการ Coaching หรือการให้ Feedback เบื้องต้น โดยสื่อสารให้เข้าใจ ค้นหาช่องทางในการพัฒนาสมรรถนะ สนับสนุน ให้กำลังใจ และใช้เทคนิคในการกระตุ้นเกิดความรับผิดชอบ ,สามารถดำเนินการ Coaching หรือให้คำแนะนำ และปรับรูปแบบให้เหมาะสมกับความต้องการของแต่ละบุคคล โดยสร้างมนุษยสัมพันธที่ดี ให้ความสำคัญกับความแตกต่างของ Coachee หรือผู้ใต้บังคับบัญชา และให้ Feedback ได้ ,กำหนดมาตรฐานของการ Coaching หรือการให้คำแนะนำ โดยทำการออกแบบแนวทางและเทคนิคอย่างเป็นระบบ เพื่อระบุจุดเด่นที่สามารถพัฒนาของผู้ใต้บังคับบัญชา และวางแผนพัฒนาได้ ,ร่วมกำหนดนโยบายและแนวในการจัดการด้าน Coaching การให้คำแนะนำ และการให้ Feedback  สร้างและสนับสนุนวัฒนธรรมของการเรียนรู้และพัฒนาตนเอง เป็นแบบอย่างและปลุกจิตสำนึกให้ผู้บริหารในองค์กรในการเป็นผู้นำที่ดี และให้คำแนะนำผู้อื่นได้,MC
37,MC9,การแก้ปัญหาและตัดสินใจ (Problem Solving & Decision Making),ความสามารถในการวิเคราะห์ ปัญหาอย่างเป็นระบบ และเปรียบเทียบลักษณะที่แตกต่างกัน จัดลำดับความสำคัญการเลือกแนวทางปฏิบัติหรือหาทางแก้ไขปัญหาอย่างเหมาะสม โดยคำนึงถึงข้อเท็จจริง ข้อจำกัด และผลกระทบที่อาจจะเกิด รวมทั้ง ทำความเข้าใจในประเด็นปัญหา เปรียบเทียบข้อมูลที่ได้จากแหล่งต่างๆ เพื่อหาข้อสรุป ใช้วิธีการที่มีประสิทธิภาพในการเลือกแนวทางปฏิบัติหรือหาทางแก้ไขปัญหาอย่างเหมาะสม ดำเนินการโดยคำนึงถึงข้อเท็จจริง ข้อจำกัด และผลกระทบที่อาจจะเกิด,เปิดใจ รับฟังเหตุผลและข้อเท็จจริงโดยไม่อนุมาน และด่วนสรุป สามารถระบุปัญหาที่พบจากสถานการณ์ที่ซับซ้อนไม่มาก และสามารถระบุสาเหตุของปัญหาได้ รวมทั้ง พัฒนาตนเองให้พร้อมรับมือกับปัญหา และแสดงออกถึงความเชื่อมั่นในการตัดสินใจ กล้ายอมรับผิดรับชอบ การวิเคราะห์และประเมินปัญหาได้,รวบรวมข้อมูล ข้อเท็จจริง สามารถระบุปัญหาและปัจจัยหลักในการการวิเคราะห์ข้อมูล รวมทั้ง วิเคราะห์ปัจจัยต่างๆ ที่เกี่ยวข้องหรือส่งผลกระทบ จัดลำดับความสำคัญ  พิจารณาเลือกกระบวนการและขั้นตอนการตัดสินใจและแก้ปัญหาตามขั้นตอนที่เหมาะสมกับบุคคลและสถานการณ์ได้,วิเคราะห์ประเด็นต่างๆ อย่างเป็นระบบ ระบุผลกระทบ และความเสี่ยงในแต่ละทางเลือก พิจารณาหาข้อเสนอแนะและทางเลือกแล้วดำเนินการแก้ปัญหาได้  รวมทั้ง ประเมินความเหมาะสมของการดำเนินงานในปัจจุบันเพื่อระบุปัญหาที่อาจจะเกิดขึ้นล่วงหน้า ระบุถึงความเสี่ยงและผลกระทบ  แนวทางการปรับปรุงกระบวนการแก้ปัญหาหรือการตัดสินใจได้,กำหนดรูปแบบของการป้องกันปัญหาเพื่อรองรับการตัดสินใจในสถานการณ์ต่างๆ ที่อาจจะเกิดขึ้นทั้งในระดับปฏิบัติการและกลยุทธ์ รวมทั้งวิเคราะห์ข้อดีข้อเสีย และความเสี่ยง เสนอทางเลือกได้หลากหลาย สร้างกรอบแนวคิดใหม่ และแก้ไขปัญหาและตัดสินใจตามแนวทางขององค์กรได้,สร้างและสนับสนุนวัฒนธรรม นโยบายการทำงาน ระบบงาน และบรรยากาศการทำงาน เพื่อสร้างโอกาสในการตัดสินใจ การพัฒนาการคิดวิเคราะห์อย่างเป็นระบบ รวมทั้ง กำหนดนโยบายและดำเนินการแก้ไขปัญหาและตัดสินใจตามแนวทางขององค์กรให้เหมาะสมของการดำเนินงานในปัจจุบันได้,MC
